"Town","Total Population","MoE Total Population","Ages 0-17","MoE Ages 0-17","Pct Ages 0-17","MoE Pct Ages 0-17","Ages 65+","MoE Ages 65+","Pct Ages 65+","MoE Pct Ages 65+","Hispanic Population","MoE Hispanic Population","Pct Hispanic","MoE Pct Hispanic","White Population","MoE White Population","Pct White","MoE Pct White","Black Population","MoE Black Population","Pct Black","MoE Pct Black","Other Race Population","MoE Other Race Population","Pct Other Race","MoE Pct Other Race","Homeowners","MoE Homeowners","Homeownership Rate","MoE Homeownership Rate","Foreign-born Population","MoE Foreign-born Population","Pct Foreign-born","MoE Pct Foreign-born","Poverty Status Determined","MoE Poverty Status Determined","Population in Poverty","MoE Population in Poverty","Poverty Rate","MoE Poverty Rate","Population Low Income","MoE Population Low Income","Pct Low Income","MoE Pct Low Income","Ages 0-17 In Poverty","MoE Ages 0-17 In Poverty","Pct Ages 0-17 in Poverty","MoE Pct Ages 0-17 in Poverty","Ages 0-17 Income 1-2x Poverty","MoE Ages 0-17 Income 1-2x Poverty","Pct Ages 0-17 Income 1-2x Poverty","MoE Pct Ages 0-17 Income 1-2x Poverty","Ages 65+ In Poverty","MoE Ages 65+ In Poverty","Pct Ages 65+ in Poverty","MoE Pct Ages 65+ in Poverty","Ages 65+ Income 1-2x Poverty","MoE Ages 65+ Income 1-2x Poverty","Pct Ages 65+ Income 1-2x Poverty","MoE Pct Ages 65+ Income 1-2x Poverty"
"Connecticut",3583561,0,804045,3326,0.224,0.001,520284,3749,0.145,0.001,496939,0,0.139,0,2526401,1229,0.705,0,337758,1896,0.094,0.001,222463,2770,0.062,0.001,919488,4857,0.678,0.003,487187,5945,0.136,0.002,3473255,649,354348,6822,0.102,0.002,444821,8127,0.128,0.002,107794,2985,0.136,0.004,119785,3000,0.151,0.004,33788,1216,0.068,0.002,88374,1943,0.178,0.004
"Bethel",18887,29,4375,417,0.232,0.022,2560,286,0.136,0.015,1629,514,0.086,0.027,15780,558,0.835,0.03,251,138,0.013,0.007,1227,317,0.065,0.017,5225,258,0.766,0.027,2277,387,0.121,0.02,18708,127,732,246,0.039,0.013,2051,493,0.11,0.026,236,112,0.054,0.026,613,171,0.14,0.041,115,70,0.048,0.03,334,146,0.139,0.063
"Bridgeport",145587,59,37254,1211,0.256,0.008,14216,724,0.098,0.005,55758,1633,0.383,0.011,32697,1505,0.225,0.01,49030,1536,0.337,0.011,8102,1242,0.056,0.009,21001,712,0.417,0.013,39581,1728,0.272,0.012,141441,430,33015,2289,0.233,0.016,33707,2169,0.238,0.015,12174,1069,0.332,0.031,11030,884,0.301,0.026,2238,340,0.164,0.026,3609,411,0.265,0.033
"Brookfield",16614,28,3768,427,0.227,0.026,2531,307,0.152,0.019,661,262,0.04,0.016,14758,415,0.888,0.025,73,80,0.004,0.005,1122,348,0.068,0.021,5041,337,0.854,0.044,1538,290,0.093,0.017,16596,48,424,267,0.026,0.016,808,223,0.049,0.013,33,62,0.009,0.016,105,89,0.028,0.024,37,44,0.015,0.018,324,135,0.129,0.056
"Danbury",81967,54,16806,907,0.205,0.011,9722,637,0.119,0.008,21989,1517,0.268,0.019,46441,1574,0.567,0.019,4781,805,0.058,0.01,8756,1049,0.107,0.013,17999,707,0.613,0.019,26626,1658,0.325,0.02,78545,410,8293,1197,0.106,0.015,13468,1721,0.171,0.022,1964,460,0.119,0.028,3854,636,0.233,0.04,889,223,0.096,0.025,1688,285,0.182,0.033
"Darien",20925,60,7460,465,0.357,0.022,2425,221,0.116,0.011,622,210,0.03,0.01,19178,410,0.917,0.02,55,52,0.003,0.002,1070,379,0.051,0.018,5690,227,0.876,0.022,2080,293,0.099,0.014,20853,79,1386,546,0.066,0.026,365,187,0.018,0.009,531,240,0.071,0.033,67,102,0.009,0.014,59,46,0.025,0.019,99,68,0.041,0.029
"Easton",7550,31,2044,240,0.271,0.032,1217,182,0.161,0.024,273,135,0.036,0.018,7002,195,0.927,0.026,36,50,0.005,0.007,239,150,0.032,0.02,2461,118,0.96,0.023,877,210,0.116,0.028,7550,31,159,95,0.021,0.013,122,78,0.016,0.01,35,57,0.017,0.028,27,64,0.013,0.031,19,41,0.016,0.034,53,52,0.044,0.043
"Fairfield",60126,43,15677,704,0.261,0.012,8727,451,0.145,0.008,3067,480,0.051,0.008,51886,830,0.863,0.014,821,194,0.014,0.003,4352,580,0.072,0.01,16588,434,0.822,0.013,6019,501,0.1,0.008,55227,589,2577,514,0.047,0.009,3409,545,0.062,0.01,693,197,0.045,0.013,785,205,0.051,0.013,317,104,0.04,0.013,1077,198,0.137,0.026
"Greenwich",61733,39,16547,757,0.268,0.012,9551,522,0.155,0.008,6458,879,0.105,0.014,48153,1073,0.78,0.017,996,328,0.016,0.005,6126,850,0.099,0.014,15391,493,0.697,0.018,13513,987,0.219,0.016,61242,159,2665,473,0.044,0.008,4395,700,0.072,0.011,506,153,0.031,0.009,1229,286,0.075,0.018,284,93,0.031,0.01,813,174,0.089,0.02
"Monroe",19631,32,5179,473,0.264,0.024,2678,330,0.136,0.017,1299,454,0.066,0.023,17469,647,0.89,0.033,145,196,0.007,0.01,718,389,0.037,0.02,6137,222,0.921,0.021,1501,351,0.076,0.018,19611,46,1000,455,0.051,0.023,1750,564,0.089,0.029,389,191,0.075,0.038,506,215,0.098,0.042,131,78,0.049,0.03,463,169,0.173,0.066
"New Canaan",19938,41,6420,522,0.322,0.026,2920,338,0.146,0.017,704,256,0.035,0.013,18171,395,0.911,0.02,187,180,0.009,0.009,876,338,0.044,0.017,5521,272,0.812,0.029,2117,352,0.106,0.018,19845,65,465,178,0.023,0.009,942,425,0.047,0.021,64,72,0.01,0.011,408,237,0.064,0.037,110,74,0.038,0.026,113,71,0.039,0.025
"New Fairfield",14010,37,3577,344,0.255,0.025,1835,205,0.131,0.015,975,382,0.07,0.027,12594,467,0.899,0.033,48,50,0.003,0.004,393,245,0.028,0.018,4559,206,0.956,0.02,1356,291,0.097,0.021,13926,97,217,98,0.016,0.007,963,321,0.069,0.023,49,65,0.014,0.019,232,115,0.066,0.034,24,40,0.013,0.022,232,90,0.126,0.051
"Newtown",27772,33,7087,485,0.255,0.017,3860,373,0.139,0.013,1840,488,0.066,0.018,24456,566,0.881,0.02,383,164,0.014,0.006,1093,277,0.039,0.01,8557,302,0.899,0.017,2217,381,0.08,0.014,26996,181,1241,524,0.046,0.019,2484,554,0.092,0.021,310,176,0.044,0.025,648,216,0.092,0.031,86,59,0.023,0.016,705,207,0.189,0.059
"Norwalk",86499,49,16661,888,0.193,0.01,12144,635,0.14,0.007,18164,1229,0.21,0.014,51073,1468,0.59,0.017,11468,1232,0.133,0.014,5794,916,0.067,0.011,23095,708,0.637,0.016,20095,1308,0.232,0.015,85946,192,8343,1056,0.097,0.012,9932,1282,0.116,0.015,1823,387,0.11,0.024,2469,463,0.149,0.029,861,198,0.073,0.017,1923,292,0.162,0.026
"Redding",9207,34,2446,282,0.266,0.031,1684,211,0.183,0.023,244,105,0.027,0.011,8543,210,0.928,0.023,61,45,0.007,0.005,359,157,0.039,0.017,2847,148,0.825,0.027,761,213,0.083,0.023,9181,38,319,171,0.035,0.019,311,142,0.034,0.015,74,93,0.03,0.038,45,68,0.018,0.028,69,56,0.041,0.034,106,67,0.064,0.041
"Ridgefield",24831,48,7593,535,0.306,0.022,3368,326,0.136,0.013,1216,413,0.049,0.017,22467,521,0.905,0.021,102,76,0.004,0.003,1046,393,0.042,0.016,7180,237,0.828,0.016,2367,405,0.095,0.016,24713,111,755,253,0.031,0.01,1014,333,0.041,0.013,197,106,0.026,0.014,173,124,0.023,0.016,153,89,0.047,0.028,476,136,0.146,0.044
"Shelton",40006,41,7734,616,0.193,0.015,7523,498,0.188,0.012,2146,398,0.054,0.01,35710,592,0.893,0.015,628,323,0.016,0.008,1522,327,0.038,0.008,12214,354,0.812,0.012,4519,579,0.113,0.014,39492,172,1859,374,0.047,0.009,2587,556,0.066,0.014,438,147,0.057,0.02,582,196,0.076,0.026,255,105,0.036,0.015,894,231,0.125,0.034
"Sherman",3627,23,876,193,0.242,0.053,663,120,0.183,0.033,33,26,0.009,0.007,3526,67,0.972,0.019,0,12,0,0.003,68,54,0.019,0.015,1251,101,0.915,0.047,291,90,0.08,0.025,3599,49,83,67,0.023,0.019,211,123,0.059,0.034,47,49,0.055,0.059,39,56,0.046,0.067,0,29,0,0.044,39,55,0.059,0.083
"Stamford",123995,56,27509,1170,0.222,0.009,15826,760,0.128,0.006,32850,2187,0.265,0.018,62319,1951,0.503,0.016,17274,1423,0.139,0.011,11552,1172,0.093,0.009,24920,738,0.548,0.013,43844,1739,0.354,0.014,122863,290,13695,1670,0.111,0.014,18976,1857,0.154,0.015,3991,705,0.148,0.027,5221,687,0.193,0.027,1412,312,0.092,0.021,2245,342,0.147,0.023
"Stratford",51694,39,10690,644,0.207,0.012,9286,528,0.18,0.01,7138,699,0.138,0.014,34345,1101,0.664,0.021,7336,793,0.142,0.015,2875,690,0.056,0.013,16602,517,0.818,0.021,6355,689,0.123,0.013,51270,132,3211,561,0.063,0.011,7109,1087,0.139,0.021,810,248,0.077,0.024,1831,376,0.174,0.037,528,153,0.059,0.017,1664,297,0.185,0.034
"Trumbull",36251,60,9227,569,0.255,0.016,6761,443,0.187,0.012,2293,400,0.063,0.011,30757,567,0.848,0.016,978,324,0.027,0.009,2223,459,0.061,0.013,10762,302,0.89,0.015,3889,421,0.107,0.012,35568,216,737,218,0.021,0.006,2223,497,0.062,0.014,110,81,0.012,0.009,411,147,0.045,0.016,191,89,0.031,0.014,940,201,0.151,0.033
"Weston",10261,24,3473,308,0.338,0.03,1227,177,0.12,0.017,304,196,0.03,0.019,9274,288,0.904,0.028,130,119,0.013,0.012,553,190,0.054,0.019,3002,129,0.952,0.021,1054,216,0.103,0.021,10252,28,182,103,0.018,0.01,174,113,0.017,0.011,36,58,0.01,0.017,59,79,0.017,0.023,15,48,0.012,0.039,17,57,0.014,0.047
"Westport",26769,41,7633,562,0.285,0.021,4451,340,0.166,0.013,901,262,0.034,0.01,23718,459,0.886,0.017,280,119,0.01,0.004,1870,310,0.07,0.012,8179,237,0.863,0.015,3181,460,0.119,0.017,26546,132,933,272,0.035,0.01,859,328,0.032,0.012,241,106,0.032,0.014,158,108,0.021,0.014,103,51,0.024,0.012,169,76,0.039,0.018
"Wilton",18353,30,5928,443,0.323,0.024,2475,272,0.135,0.015,491,185,0.027,0.01,16446,323,0.896,0.018,96,74,0.005,0.004,1320,274,0.072,0.015,5264,197,0.884,0.02,1863,330,0.102,0.018,18153,137,667,306,0.037,0.017,684,224,0.038,0.012,204,134,0.034,0.023,190,105,0.032,0.018,81,68,0.035,0.03,244,87,0.105,0.04
"Avon",18205,27,4546,398,0.25,0.022,3096,322,0.17,0.018,471,203,0.026,0.011,16288,305,0.895,0.017,131,108,0.007,0.006,1315,277,0.072,0.015,6115,242,0.847,0.026,2154,382,0.118,0.021,18007,84,744,291,0.041,0.016,830,261,0.046,0.014,216,127,0.048,0.028,162,118,0.036,0.026,72,93,0.024,0.032,379,131,0.128,0.047
"Berlin",20179,28,4295,432,0.213,0.021,3522,384,0.175,0.019,387,186,0.019,0.009,18454,562,0.915,0.028,270,359,0.013,0.018,1068,462,0.053,0.023,6571,257,0.866,0.02,2214,504,0.11,0.025,20113,45,959,424,0.048,0.021,1569,510,0.078,0.025,289,167,0.067,0.039,255,209,0.059,0.049,151,92,0.043,0.027,707,221,0.203,0.067
"Bloomfield",20562,37,3121,397,0.152,0.019,4816,410,0.234,0.02,816,338,0.04,0.016,7570,482,0.368,0.023,11010,639,0.535,0.031,1166,391,0.057,0.019,6227,349,0.732,0.03,4567,549,0.222,0.027,20107,159,1365,389,0.068,0.019,2387,764,0.119,0.038,190,118,0.061,0.038,451,181,0.145,0.06,290,112,0.065,0.026,605,152,0.135,0.036
"Bristol",60536,32,12556,757,0.207,0.013,9360,573,0.155,0.009,6489,873,0.107,0.014,50012,1000,0.826,0.017,1633,428,0.027,0.007,2402,501,0.04,0.008,16722,636,0.664,0.021,6010,788,0.099,0.013,59880,205,6298,888,0.105,0.015,8545,1224,0.143,0.02,1802,395,0.145,0.033,2203,458,0.177,0.038,743,198,0.083,0.023,1982,322,0.222,0.038
"Burlington",9384,45,2531,299,0.27,0.032,959,170,0.102,0.018,292,186,0.031,0.02,8693,251,0.926,0.027,123,86,0.013,0.009,276,149,0.029,0.016,3230,143,0.933,0.02,811,245,0.086,0.026,9384,45,337,178,0.036,0.019,402,154,0.043,0.016,101,81,0.04,0.032,45,69,0.018,0.027,46,53,0.048,0.056,126,94,0.131,0.101
"Canton",10304,19,2460,321,0.239,0.031,1677,222,0.163,0.022,444,308,0.043,0.03,9706,319,0.942,0.031,51,42,0.005,0.004,103,80,0.01,0.008,3338,180,0.834,0.032,513,167,0.05,0.016,10215,93,386,180,0.038,0.018,593,220,0.058,0.022,57,84,0.023,0.034,137,116,0.056,0.048,69,64,0.043,0.041,175,87,0.11,0.056
"East Granby",5036,119,1128,226,0.224,0.045,804,165,0.16,0.033,162,167,0.032,0.033,4383,313,0.87,0.065,276,218,0.055,0.043,215,167,0.043,0.033,1641,141,0.765,0.06,315,133,0.063,0.026,5036,119,180,156,0.036,0.031,328,159,0.065,0.032,67,74,0.059,0.066,21,72,0.019,0.064,39,57,0.049,0.071,113,81,0.141,0.105
"East Hartford",51241,56,11323,728,0.221,0.014,6742,453,0.132,0.009,13849,942,0.27,0.018,20409,968,0.398,0.019,11894,880,0.232,0.017,5089,936,0.099,0.018,11816,448,0.58,0.016,11153,1014,0.218,0.02,50640,205,6767,1021,0.134,0.02,10326,1388,0.204,0.027,1919,413,0.172,0.038,3012,471,0.269,0.045,626,168,0.097,0.027,1379,240,0.215,0.04
"East Windsor",11281,29,2303,416,0.204,0.037,1548,231,0.137,0.021,390,232,0.035,0.021,8631,681,0.765,0.06,959,455,0.085,0.04,1301,485,0.115,0.043,3107,309,0.687,0.058,1462,461,0.13,0.041,11082,128,608,269,0.055,0.024,1609,591,0.145,0.053,138,101,0.06,0.046,544,311,0.238,0.143,36,47,0.025,0.033,244,121,0.17,0.088
"Enfield",44699,54,8274,565,0.185,0.013,6924,420,0.155,0.009,3367,648,0.075,0.014,37392,775,0.837,0.017,2231,399,0.05,0.009,1709,392,0.038,0.009,12494,363,0.762,0.012,2592,473,0.058,0.011,40910,586,2860,548,0.07,0.013,4166,666,0.102,0.016,612,224,0.075,0.028,866,234,0.106,0.029,419,141,0.063,0.022,1382,262,0.207,0.042
"Farmington",25429,28,5808,475,0.228,0.019,4371,367,0.172,0.014,739,272,0.029,0.011,21024,783,0.827,0.031,576,244,0.023,0.01,3090,684,0.122,0.027,7936,323,0.767,0.022,3736,536,0.147,0.021,25230,84,1260,334,0.05,0.013,1346,345,0.053,0.014,199,123,0.034,0.021,245,116,0.042,0.02,214,100,0.051,0.024,518,134,0.123,0.033
"Glastonbury",34551,28,8884,560,0.257,0.016,5193,410,0.15,0.012,1294,241,0.037,0.007,29164,600,0.844,0.017,660,272,0.019,0.008,3433,555,0.099,0.016,10717,315,0.822,0.015,4016,491,0.116,0.014,34268,112,1097,335,0.032,0.01,2587,497,0.075,0.015,260,151,0.029,0.017,704,231,0.079,0.027,243,107,0.049,0.022,628,182,0.127,0.038
"Granby",11284,28,2710,346,0.24,0.031,1707,234,0.151,0.021,364,252,0.032,0.022,10459,282,0.927,0.025,160,119,0.014,0.011,301,167,0.027,0.015,4053,198,0.93,0.029,292,143,0.026,0.013,11207,42,228,107,0.02,0.01,476,171,0.042,0.015,31,61,0.011,0.023,48,82,0.018,0.031,26,42,0.016,0.026,242,91,0.148,0.058
"Hartford",125130,80,32216,1118,0.257,0.009,12127,618,0.097,0.005,54289,1439,0.434,0.012,20892,995,0.167,0.008,43752,1182,0.35,0.009,6197,707,0.05,0.006,11020,538,0.241,0.011,28771,1561,0.23,0.012,117359,652,39452,2133,0.336,0.018,30335,2124,0.258,0.018,14256,953,0.45,0.034,9525,835,0.301,0.028,2613,323,0.226,0.03,3551,370,0.307,0.035
"Hartland",2257,120,519,73,0.23,0.035,389,67,0.172,0.031,18,14,0.008,0.006,2158,123,0.956,0.075,17,16,0.008,0.007,64,31,0.028,0.014,718,51,0.918,0.043,89,43,0.039,0.019,2247,117,115,56,0.051,0.025,188,78,0.084,0.035,17,32,0.033,0.064,84,45,0.165,0.09,51,42,0.131,0.11,30,36,0.077,0.093
"Manchester",58196,34,12555,761,0.216,0.013,7597,476,0.131,0.008,8350,1049,0.143,0.018,36610,1019,0.629,0.018,7182,925,0.123,0.016,6054,781,0.104,0.013,13428,588,0.56,0.021,8511,837,0.146,0.014,57655,116,6031,1033,0.105,0.018,9142,1233,0.159,0.021,2085,481,0.167,0.04,2960,489,0.236,0.042,371,139,0.051,0.019,1306,248,0.18,0.036
"Marlborough",6398,30,1674,282,0.262,0.044,842,202,0.132,0.032,250,174,0.039,0.027,6031,220,0.943,0.035,42,66,0.007,0.01,75,78,0.012,0.012,1964,147,0.896,0.054,484,241,0.076,0.038,6254,84,63,66,0.01,0.011,479,386,0.077,0.062,0,51,0,0.031,253,171,0.155,0.107,0,42,0,0.056,0,54,0,0.072
"New Britain",73112,35,16862,884,0.231,0.012,9338,541,0.128,0.007,28194,1332,0.386,0.018,33664,1134,0.46,0.016,7545,935,0.103,0.013,3709,695,0.051,0.01,11489,578,0.411,0.018,14424,1093,0.197,0.015,70023,341,15658,1478,0.224,0.021,16535,1508,0.236,0.022,5184,623,0.312,0.041,5062,640,0.304,0.042,1063,234,0.121,0.028,2743,360,0.312,0.045
"Newington",30606,34,5721,448,0.187,0.015,5638,400,0.184,0.013,2347,541,0.077,0.018,24312,802,0.794,0.026,1534,551,0.05,0.018,2413,483,0.079,0.016,10464,395,0.827,0.025,5342,523,0.175,0.017,30228,139,1329,321,0.044,0.011,2869,602,0.095,0.02,271,128,0.048,0.023,791,250,0.14,0.045,329,117,0.061,0.022,762,160,0.142,0.032
"Plainville",17767,24,3675,451,0.207,0.025,2742,323,0.154,0.018,1175,338,0.066,0.019,15542,451,0.875,0.025,399,222,0.022,0.012,651,255,0.037,0.014,5579,328,0.732,0.033,1400,293,0.079,0.016,17619,101,1175,396,0.067,0.022,2783,691,0.158,0.039,316,204,0.087,0.057,911,335,0.25,0.097,178,113,0.067,0.044,596,164,0.225,0.067
"Rocky Hill",19743,47,4069,480,0.206,0.024,3046,340,0.154,0.017,1371,363,0.069,0.018,15148,688,0.767,0.035,475,193,0.024,0.01,2749,513,0.139,0.026,5419,326,0.668,0.03,3706,526,0.188,0.027,19426,111,1507,468,0.078,0.024,1968,539,0.101,0.028,295,183,0.072,0.046,435,197,0.107,0.05,317,162,0.114,0.06,450,163,0.162,0.062
"Simsbury",23591,31,6352,440,0.269,0.019,3463,278,0.147,0.012,914,400,0.039,0.017,21082,473,0.894,0.02,363,155,0.015,0.007,1232,299,0.052,0.013,7561,206,0.868,0.016,1908,325,0.081,0.014,23339,107,448,145,0.019,0.006,1365,419,0.058,0.018,33,60,0.005,0.009,474,226,0.075,0.036,82,62,0.025,0.019,283,129,0.086,0.04
"Southington",43288,25,9324,545,0.215,0.013,7972,505,0.184,0.012,1426,338,0.033,0.008,40022,607,0.925,0.014,524,214,0.012,0.005,1316,438,0.03,0.01,14218,397,0.834,0.016,3152,445,0.073,0.01,42805,204,1832,416,0.043,0.01,3469,566,0.081,0.013,506,197,0.055,0.022,734,208,0.079,0.023,286,124,0.037,0.016,1314,244,0.17,0.033
"South Windsor",25756,29,6369,569,0.247,0.022,3875,381,0.15,0.015,1590,615,0.062,0.024,19671,878,0.764,0.034,1599,529,0.062,0.021,2896,558,0.112,0.022,8266,268,0.887,0.015,3862,559,0.15,0.022,25518,156,1140,685,0.045,0.027,1491,607,0.058,0.024,418,312,0.067,0.051,467,259,0.075,0.042,196,73,0.051,0.02,397,131,0.104,0.036
"Suffield",15731,24,3205,377,0.204,0.024,2247,254,0.143,0.016,961,189,0.061,0.012,12809,414,0.814,0.026,1454,359,0.092,0.023,507,196,0.032,0.012,4178,199,0.854,0.027,975,245,0.062,0.016,13114,283,551,381,0.042,0.029,749,276,0.057,0.021,174,183,0.055,0.058,180,122,0.057,0.039,36,53,0.017,0.025,214,98,0.103,0.049
"West Hartford",63340,41,14162,688,0.224,0.011,10999,542,0.174,0.009,6009,519,0.095,0.008,47765,913,0.754,0.014,4071,721,0.064,0.011,5495,620,0.087,0.01,18089,479,0.726,0.015,11413,832,0.18,0.013,61493,288,4513,701,0.073,0.011,6188,849,0.101,0.014,1063,276,0.076,0.02,1439,324,0.102,0.023,912,205,0.09,0.021,1382,236,0.136,0.024
"Wethersfield",26590,86,5630,466,0.212,0.018,5514,426,0.207,0.016,2245,471,0.084,0.018,22402,679,0.842,0.026,648,265,0.024,0.01,1295,389,0.049,0.015,8658,335,0.797,0.023,3731,465,0.14,0.018,26450,126,1537,393,0.058,0.015,2369,468,0.09,0.018,307,119,0.055,0.022,500,190,0.089,0.035,377,145,0.07,0.027,959,194,0.177,0.038
"Windsor",29100,34,6462,537,0.222,0.018,4492,372,0.154,0.013,2651,439,0.091,0.015,14110,542,0.485,0.019,10454,692,0.359,0.024,1885,434,0.065,0.015,8661,315,0.81,0.019,4511,591,0.155,0.02,28588,184,1524,443,0.053,0.016,2579,553,0.09,0.019,482,155,0.075,0.025,811,218,0.126,0.035,216,100,0.052,0.024,569,147,0.136,0.037
"Windsor Locks",12531,24,2385,308,0.19,0.025,1944,250,0.155,0.02,617,270,0.049,0.022,10181,481,0.812,0.038,561,328,0.045,0.026,1172,370,0.094,0.03,4275,274,0.824,0.026,1004,257,0.08,0.02,12477,38,983,353,0.079,0.028,1188,331,0.095,0.026,259,118,0.109,0.052,233,132,0.098,0.057,149,71,0.078,0.039,436,161,0.228,0.09
"Barkhamsted",3772,18,890,178,0.236,0.047,474,98,0.126,0.026,30,35,0.008,0.009,3710,48,0.984,0.014,1,4,0,0.001,31,36,0.008,0.01,1329,118,0.924,0.03,88,51,0.023,0.014,3738,46,43,30,0.012,0.008,89,60,0.024,0.016,0,36,0,0.042,15,51,0.018,0.06,7,30,0.015,0.063,37,50,0.078,0.107
"Bethlehem",3585,18,678,150,0.189,0.042,606,135,0.169,0.038,25,31,0.007,0.009,3528,52,0.984,0.015,19,35,0.005,0.01,13,32,0.004,0.009,1161,114,0.841,0.054,181,123,0.05,0.034,3536,44,168,80,0.048,0.023,422,233,0.119,0.066,0,36,0,0.056,171,115,0.268,0.194,54,40,0.089,0.07,69,52,0.114,0.089
"Bridgewater",1729,110,331,71,0.191,0.043,393,55,0.227,0.035,83,73,0.048,0.042,1590,94,0.92,0.08,12,11,0.007,0.006,44,29,0.025,0.017,679,44,0.883,0.034,117,35,0.068,0.021,1729,110,42,24,0.024,0.014,257,108,0.149,0.062,0,36,0,0.109,101,71,0.305,0.227,7,28,0.018,0.072,52,36,0.132,0.093
"Canaan",1148,108,178,42,0.155,0.039,220,41,0.192,0.04,21,22,0.018,0.019,1122,104,0.977,0.129,0,12,0,0.01,5,22,0.004,0.019,391,40,0.667,0.038,39,18,0.034,0.016,1142,108,81,33,0.071,0.028,178,70,0.156,0.059,12,34,0.07,0.2,17,43,0.099,0.249,9,25,0.041,0.114,60,32,0.273,0.155
"Colebrook",1523,119,306,59,0.201,0.042,239,49,0.157,0.035,21,25,0.014,0.016,1474,109,0.968,0.104,4,6,0.003,0.004,24,27,0.016,0.018,546,52,0.932,0.036,41,31,0.027,0.021,1480,109,54,28,0.036,0.018,157,76,0.106,0.051,17,36,0.058,0.124,34,50,0.116,0.171,6,25,0.025,0.104,20,32,0.084,0.136
"Cornwall",1519,188,374,80,0.246,0.061,269,43,0.177,0.036,17,24,0.011,0.016,1460,187,0.961,0.171,0,12,0,0.008,42,34,0.028,0.023,486,51,0.779,0.057,77,30,0.051,0.021,1519,188,187,106,0.123,0.068,168,57,0.111,0.035,97,61,0.259,0.177,37,38,0.099,0.105,22,24,0.082,0.092,25,30,0.093,0.111
"Goshen",2953,29,571,161,0.193,0.054,539,121,0.183,0.041,97,90,0.033,0.03,2817,100,0.954,0.035,1,2,0,0.001,38,37,0.013,0.012,1096,107,0.895,0.051,52,39,0.018,0.013,2953,29,339,180,0.115,0.061,235,120,0.08,0.041,47,65,0.082,0.115,40,50,0.07,0.089,71,50,0.132,0.099,80,60,0.148,0.118
"Harwinton",5636,54,1177,181,0.209,0.032,968,149,0.172,0.027,0,17,0,0.003,5511,134,0.978,0.026,0,17,0,0.003,125,123,0.022,0.022,1992,93,0.959,0.02,270,111,0.048,0.02,5619,55,237,137,0.042,0.024,356,168,0.063,0.03,88,78,0.076,0.068,59,72,0.051,0.062,37,41,0.038,0.043,101,76,0.104,0.08
"Kent",2964,16,564,151,0.19,0.051,713,120,0.241,0.04,0,12,0,0.004,2912,76,0.982,0.026,30,64,0.01,0.022,22,29,0.007,0.01,738,135,0.616,0.093,114,52,0.038,0.018,2773,71,262,124,0.094,0.045,375,182,0.135,0.065,68,67,0.121,0.124,88,79,0.156,0.147,13,29,0.021,0.046,95,49,0.151,0.083
"Litchfield",8406,22,1889,226,0.225,0.027,1494,159,0.178,0.019,152,78,0.018,0.009,8036,124,0.956,0.015,25,23,0.003,0.003,193,100,0.023,0.012,2645,189,0.788,0.042,328,83,0.039,0.01,8304,34,569,224,0.069,0.027,831,229,0.1,0.028,187,93,0.1,0.052,223,108,0.12,0.06,77,40,0.054,0.028,189,62,0.132,0.045
"Morris",2380,127,498,90,0.209,0.039,306,70,0.129,0.03,43,30,0.018,0.013,2326,132,0.977,0.076,8,14,0.003,0.006,3,25,0.001,0.01,810,64,0.862,0.031,122,70,0.051,0.03,2375,127,135,75,0.057,0.031,289,115,0.122,0.048,12,38,0.024,0.078,66,55,0.134,0.113,18,31,0.059,0.102,38,38,0.124,0.128
"New Hartford",6932,23,1675,297,0.242,0.043,931,200,0.134,0.029,75,67,0.011,0.01,6743,108,0.973,0.016,24,33,0.003,0.005,90,78,0.013,0.011,2494,173,0.942,0.031,433,193,0.062,0.028,6921,28,166,107,0.024,0.015,519,200,0.075,0.029,40,57,0.024,0.034,0,66,0,0.04,49,56,0.053,0.061,207,132,0.222,0.149
"New Milford",27983,27,6523,514,0.233,0.018,3425,353,0.122,0.013,1778,519,0.064,0.019,24480,602,0.875,0.022,761,315,0.027,0.011,964,294,0.034,0.011,8593,373,0.803,0.025,2730,491,0.098,0.018,27713,149,1596,440,0.058,0.016,2798,677,0.101,0.024,369,150,0.057,0.024,874,290,0.135,0.046,94,70,0.029,0.022,514,133,0.159,0.044
"Norfolk",1497,154,311,72,0.208,0.052,351,54,0.234,0.043,29,33,0.019,0.022,1371,145,0.916,0.135,14,13,0.009,0.009,83,60,0.055,0.041,437,46,0.716,0.015,86,48,0.057,0.033,1494,154,108,54,0.072,0.035,224,98,0.15,0.064,43,43,0.14,0.143,43,47,0.14,0.157,7,22,0.02,0.063,60,32,0.171,0.096
"North Canaan",3286,17,642,170,0.195,0.052,767,168,0.233,0.051,117,98,0.036,0.03,3006,163,0.915,0.05,36,49,0.011,0.015,127,136,0.039,0.041,986,138,0.754,0.09,257,154,0.078,0.047,3145,69,292,170,0.093,0.054,571,260,0.182,0.082,105,77,0.173,0.134,132,129,0.217,0.219,20,28,0.03,0.042,165,79,0.244,0.135
"Plymouth",12148,38,2669,304,0.22,0.025,1583,202,0.13,0.017,386,170,0.032,0.014,11533,214,0.949,0.018,32,35,0.003,0.003,197,115,0.016,0.009,4035,209,0.859,0.024,681,234,0.056,0.019,12079,49,792,289,0.066,0.024,1473,446,0.122,0.037,234,130,0.088,0.05,497,188,0.187,0.074,79,48,0.052,0.032,198,88,0.129,0.06
"Roxbury",2301,204,394,94,0.171,0.044,455,80,0.198,0.039,89,65,0.039,0.028,2190,211,0.952,0.125,0,12,0,0.005,22,28,0.01,0.012,809,71,0.833,0.054,102,40,0.044,0.018,2301,204,74,39,0.032,0.017,163,79,0.071,0.034,0,36,0,0.091,41,51,0.104,0.132,20,27,0.044,0.059,67,41,0.147,0.092
"Salisbury",3722,19,611,184,0.164,0.049,1243,213,0.334,0.057,130,85,0.035,0.023,3371,166,0.906,0.045,116,99,0.031,0.027,105,81,0.028,0.022,1162,195,0.753,0.11,185,96,0.05,0.026,3524,67,165,91,0.047,0.026,456,220,0.129,0.062,0,36,0,0.061,95,93,0.162,0.163,48,41,0.04,0.035,185,94,0.156,0.086
"Sharon",2769,18,412,114,0.149,0.041,708,162,0.256,0.058,29,29,0.01,0.01,2558,157,0.924,0.057,3,7,0.001,0.003,179,124,0.065,0.045,1013,129,0.822,0.061,173,80,0.062,0.029,2689,90,170,102,0.063,0.038,462,193,0.172,0.072,0,36,0,0.089,110,86,0.273,0.232,28,43,0.044,0.069,128,86,0.201,0.143
"Thomaston",7831,18,1548,223,0.198,0.028,1039,183,0.133,0.023,154,104,0.02,0.013,7313,222,0.934,0.028,61,50,0.008,0.006,303,170,0.039,0.022,2417,149,0.793,0.034,233,88,0.03,0.011,7757,56,223,93,0.029,0.012,731,230,0.094,0.03,28,56,0.019,0.038,161,107,0.109,0.075,44,47,0.042,0.046,194,109,0.187,0.11
"Torrington",36061,38,7141,522,0.198,0.014,6364,424,0.176,0.012,3055,498,0.085,0.014,30341,745,0.841,0.021,541,229,0.015,0.006,2124,425,0.059,0.012,10414,413,0.68,0.021,3504,481,0.097,0.013,35277,220,3903,691,0.111,0.02,5957,763,0.169,0.022,976,267,0.14,0.04,1362,320,0.196,0.048,390,113,0.066,0.02,1368,224,0.233,0.041
"Warren",1475,124,312,65,0.212,0.048,262,42,0.178,0.032,44,30,0.03,0.02,1412,129,0.957,0.119,0,12,0,0.008,19,25,0.013,0.017,518,42,0.871,0.039,81,39,0.055,0.027,1472,124,107,59,0.073,0.039,112,58,0.076,0.039,48,42,0.155,0.139,34,44,0.11,0.144,9,26,0.034,0.099,39,35,0.149,0.136
"Washington",3562,22,671,135,0.188,0.038,702,138,0.197,0.039,321,145,0.09,0.041,3147,160,0.883,0.045,34,58,0.01,0.016,60,55,0.017,0.015,1110,116,0.768,0.044,307,112,0.086,0.031,3328,126,187,96,0.056,0.029,190,123,0.057,0.037,28,49,0.047,0.082,54,64,0.091,0.109,68,57,0.097,0.083,38,40,0.054,0.058
"Watertown",22387,25,4741,490,0.212,0.022,3747,381,0.167,0.017,752,329,0.034,0.015,20819,439,0.93,0.02,308,225,0.014,0.01,508,218,0.023,0.01,7264,330,0.837,0.025,1565,237,0.07,0.011,22199,115,723,233,0.033,0.011,1862,450,0.084,0.02,45,76,0.01,0.016,344,161,0.074,0.035,256,124,0.07,0.035,718,200,0.197,0.059
"Winchester",11150,32,2354,390,0.211,0.035,1793,272,0.161,0.024,1141,507,0.102,0.045,9332,533,0.837,0.048,133,120,0.012,0.011,544,301,0.049,0.027,2806,291,0.604,0.051,866,350,0.078,0.031,10996,91,765,275,0.07,0.025,1817,521,0.165,0.047,165,113,0.072,0.051,447,236,0.196,0.109,122,85,0.07,0.051,470,161,0.271,0.104
"Woodbury",9910,32,2078,283,0.21,0.029,1736,240,0.175,0.024,365,145,0.037,0.015,9328,172,0.941,0.018,19,24,0.002,0.002,198,126,0.02,0.013,3216,179,0.78,0.031,767,262,0.077,0.026,9910,32,582,228,0.059,0.023,869,285,0.088,0.029,98,75,0.047,0.037,227,124,0.109,0.061,43,52,0.025,0.03,259,101,0.149,0.062
"Chester",4154,16,881,177,0.212,0.043,898,168,0.216,0.041,140,109,0.034,0.026,3877,143,0.933,0.035,30,31,0.007,0.007,107,68,0.026,0.016,1240,141,0.695,0.064,111,61,0.027,0.015,4043,72,203,95,0.05,0.024,387,162,0.096,0.04,18,45,0.02,0.051,65,85,0.074,0.098,17,33,0.022,0.042,176,79,0.223,0.109
"Clinton",13239,31,2810,323,0.212,0.024,2094,218,0.158,0.016,660,386,0.05,0.029,12061,445,0.911,0.034,23,25,0.002,0.002,495,246,0.037,0.019,4329,212,0.816,0.027,922,240,0.07,0.018,13133,84,1005,332,0.077,0.025,1638,443,0.125,0.034,241,109,0.089,0.041,303,140,0.111,0.053,134,75,0.064,0.036,346,114,0.166,0.057
"Cromwell",14076,21,2730,329,0.194,0.023,2416,260,0.172,0.018,609,240,0.043,0.017,11880,523,0.844,0.037,1015,434,0.072,0.031,572,227,0.041,0.016,4505,213,0.827,0.023,1358,392,0.096,0.028,13630,154,566,273,0.042,0.02,1263,403,0.093,0.03,49,57,0.018,0.021,196,124,0.072,0.046,108,67,0.052,0.033,332,112,0.16,0.057
"Deep River",4615,19,880,186,0.191,0.04,748,156,0.162,0.034,110,97,0.024,0.021,4266,153,0.924,0.033,107,93,0.023,0.02,132,100,0.029,0.022,1592,112,0.83,0.027,365,139,0.079,0.03,4587,26,130,83,0.028,0.018,734,413,0.16,0.09,0,36,0,0.042,234,145,0.271,0.177,1,27,0.001,0.036,155,91,0.207,0.13
"Durham",7380,26,1919,286,0.26,0.039,1090,207,0.148,0.028,252,186,0.034,0.025,6932,235,0.939,0.032,18,18,0.002,0.002,178,125,0.024,0.017,2426,144,0.952,0.023,366,146,0.05,0.02,7327,63,69,54,0.009,0.007,259,187,0.035,0.026,22,60,0.011,0.031,67,93,0.035,0.049,15,44,0.014,0.042,65,79,0.061,0.076
"East Haddam",9138,19,2284,296,0.25,0.032,1157,203,0.127,0.022,233,265,0.025,0.029,8646,309,0.946,0.034,71,80,0.008,0.009,188,135,0.021,0.015,2991,216,0.864,0.047,244,98,0.027,0.011,9031,69,505,314,0.056,0.035,679,269,0.075,0.03,233,165,0.102,0.073,176,114,0.077,0.051,31,45,0.028,0.041,126,72,0.114,0.069
"East Hampton",12949,22,2912,328,0.225,0.025,1421,224,0.11,0.017,678,305,0.052,0.024,11524,346,0.89,0.027,48,37,0.004,0.003,699,244,0.054,0.019,4270,235,0.883,0.031,852,260,0.066,0.02,12463,169,434,180,0.035,0.014,714,267,0.057,0.021,93,85,0.033,0.03,136,112,0.048,0.04,50,47,0.036,0.034,273,133,0.197,0.1
"Essex",6668,20,1324,261,0.199,0.039,1697,269,0.254,0.04,53,66,0.008,0.01,6461,140,0.969,0.021,33,52,0.005,0.008,121,90,0.018,0.013,2259,209,0.772,0.051,355,148,0.053,0.022,6616,40,342,197,0.052,0.03,442,207,0.067,0.031,45,67,0.034,0.051,76,85,0.057,0.065,94,95,0.057,0.058,196,103,0.118,0.064
"Haddam",8343,26,1913,307,0.229,0.037,1142,212,0.137,0.025,202,166,0.024,0.02,7778,287,0.932,0.035,27,45,0.003,0.005,336,227,0.04,0.027,2968,209,0.918,0.047,463,214,0.055,0.026,8330,41,324,222,0.039,0.027,401,281,0.048,0.034,135,110,0.071,0.059,120,149,0.063,0.078,0,42,0,0.036,121,90,0.106,0.082
"Killingworth",6501,25,1425,232,0.219,0.036,1119,231,0.172,0.035,161,113,0.025,0.017,5969,205,0.918,0.032,0,17,0,0.003,371,162,0.057,0.025,2521,107,0.976,NA,280,121,0.043,0.019,6501,25,21,37,0.003,0.006,385,201,0.059,0.031,0,51,0,0.036,97,107,0.068,0.076,21,50,0.019,0.045,194,105,0.173,0.101
"Middlefield",4421,21,1031,172,0.233,0.039,612,122,0.138,0.028,100,72,0.023,0.016,4163,140,0.942,0.032,18,25,0.004,0.006,140,136,0.032,0.031,1506,120,0.886,0.049,139,77,0.031,0.017,4419,21,125,55,0.028,0.013,426,177,0.096,0.04,9,37,0.009,0.036,102,75,0.099,0.074,41,37,0.067,0.062,143,64,0.234,0.115
"Middletown",47539,41,8646,557,0.182,0.012,6414,457,0.135,0.01,4513,586,0.095,0.012,33293,824,0.7,0.017,5807,512,0.122,0.011,3926,537,0.083,0.011,10812,411,0.554,0.017,5275,595,0.111,0.013,43669,363,5121,685,0.117,0.016,5622,809,0.129,0.019,1313,314,0.154,0.038,1089,266,0.128,0.032,431,126,0.072,0.022,1359,247,0.226,0.044
"Old Saybrook",10258,26,2281,317,0.222,0.031,2899,311,0.283,0.03,69,88,0.007,0.009,9756,200,0.951,0.02,27,41,0.003,0.004,406,177,0.04,0.017,3641,255,0.848,0.047,472,139,0.046,0.014,10094,56,546,271,0.054,0.027,1332,503,0.132,0.05,100,135,0.044,0.06,431,243,0.19,0.111,173,104,0.062,0.038,336,141,0.121,0.053
"Portland",9487,25,1942,285,0.205,0.03,1559,216,0.164,0.023,359,216,0.038,0.023,8894,246,0.937,0.026,17,28,0.002,0.003,217,139,0.023,0.015,3111,187,0.817,0.034,423,148,0.045,0.016,9415,36,483,229,0.051,0.024,519,168,0.055,0.018,31,64,0.016,0.033,60,68,0.031,0.035,65,59,0.043,0.04,213,87,0.142,0.062
"Westbrook",6922,22,1208,237,0.175,0.034,1339,238,0.193,0.034,187,153,0.027,0.022,6383,273,0.922,0.04,40,75,0.006,0.011,312,242,0.045,0.035,2225,197,0.803,0.042,488,206,0.07,0.03,6858,70,333,181,0.049,0.026,1204,483,0.176,0.07,16,55,0.014,0.047,141,135,0.121,0.118,25,48,0.019,0.036,413,177,0.308,0.142
"Ansonia",19163,27,4311,603,0.225,0.031,2674,322,0.14,0.017,3595,685,0.188,0.036,12723,793,0.664,0.041,2011,743,0.105,0.039,834,333,0.044,0.017,3955,342,0.541,0.038,2234,526,0.117,0.027,19078,88,3540,948,0.186,0.05,3075,837,0.161,0.044,1409,488,0.327,0.121,778,293,0.18,0.072,330,131,0.127,0.052,539,153,0.207,0.063
"Beacon Falls",6038,33,1362,258,0.226,0.043,790,169,0.131,0.028,425,364,0.07,0.06,5474,370,0.907,0.061,0,17,0,0.003,139,118,0.023,0.02,1889,154,0.825,0.038,490,158,0.081,0.026,6038,33,189,133,0.031,0.022,450,204,0.075,0.034,49,72,0.036,0.054,132,106,0.097,0.081,24,44,0.03,0.056,110,84,0.139,0.11
"Bethany",5555,31,1416,202,0.255,0.036,722,129,0.13,0.023,34,26,0.006,0.005,5340,104,0.961,0.019,13,20,0.002,0.004,168,87,0.03,0.016,1808,95,0.915,0.022,360,120,0.065,0.022,5555,31,186,89,0.033,0.016,149,84,0.027,0.015,33,58,0.023,0.041,44,62,0.031,0.044,37,44,0.051,0.062,64,52,0.089,0.074
"Branford",28025,26,4973,464,0.177,0.017,5718,449,0.204,0.016,1418,421,0.051,0.015,24526,492,0.875,0.018,292,135,0.01,0.005,1789,426,0.064,0.015,8401,351,0.689,0.023,2433,355,0.087,0.013,27837,105,1995,436,0.072,0.016,2449,481,0.088,0.017,567,216,0.114,0.045,416,162,0.084,0.033,283,115,0.051,0.021,1058,229,0.19,0.044
"Cheshire",29264,44,6482,506,0.222,0.017,4150,371,0.142,0.013,1826,528,0.062,0.018,23745,682,0.811,0.023,1261,214,0.043,0.007,2432,478,0.083,0.016,8492,318,0.878,0.023,2853,481,0.097,0.016,26668,318,663,211,0.025,0.008,995,259,0.037,0.01,65,84,0.01,0.014,120,100,0.019,0.016,161,88,0.041,0.023,390,128,0.099,0.034
"Derby",12841,41,2733,410,0.213,0.032,1951,272,0.152,0.021,2674,490,0.208,0.038,8581,588,0.668,0.046,916,503,0.071,0.039,670,336,0.052,0.026,2892,251,0.568,0.038,2268,457,0.177,0.036,12615,114,1675,627,0.133,0.05,1838,638,0.146,0.051,691,312,0.253,0.12,468,246,0.171,0.094,150,78,0.085,0.046,375,168,0.212,0.1
"East Haven",29167,42,5623,535,0.193,0.018,5066,405,0.174,0.014,2914,633,0.1,0.022,23916,904,0.82,0.031,793,380,0.027,0.013,1544,448,0.053,0.015,8454,325,0.743,0.019,2874,572,0.099,0.02,28892,142,2835,620,0.098,0.021,3763,769,0.13,0.027,905,278,0.162,0.052,889,281,0.159,0.052,218,90,0.045,0.019,984,218,0.201,0.047
"Guilford",22377,27,4952,466,0.221,0.021,4238,351,0.189,0.016,995,436,0.044,0.019,20381,616,0.911,0.028,225,135,0.01,0.006,776,274,0.035,0.012,7609,306,0.856,0.023,1323,328,0.059,0.015,22185,111,824,229,0.037,0.01,1282,356,0.058,0.016,189,99,0.038,0.02,274,155,0.056,0.032,160,81,0.039,0.02,420,135,0.102,0.034
"Hamden",61468,38,11929,740,0.194,0.012,8577,585,0.14,0.01,5401,925,0.088,0.015,40189,1016,0.654,0.017,11290,740,0.184,0.012,4588,716,0.075,0.012,15229,534,0.662,0.017,7749,864,0.126,0.014,56720,594,4627,867,0.082,0.015,6859,944,0.121,0.017,910,311,0.077,0.027,1933,420,0.164,0.037,554,173,0.068,0.022,1533,273,0.188,0.036
"Madison",18289,38,4954,449,0.271,0.025,3651,383,0.2,0.021,234,122,0.013,0.007,17433,211,0.953,0.012,69,48,0.004,0.003,553,166,0.03,0.009,5842,213,0.875,0.008,959,219,0.052,0.012,18019,76,515,362,0.029,0.02,1347,336,0.075,0.019,102,142,0.021,0.03,201,107,0.042,0.023,6,44,0.002,0.012,538,178,0.151,0.053
"Meriden",60691,71,13322,791,0.22,0.013,8422,532,0.139,0.009,17631,1031,0.291,0.017,35167,1153,0.579,0.019,5277,857,0.087,0.014,2616,684,0.043,0.011,14785,584,0.618,0.02,5886,850,0.097,0.014,59689,213,8618,1130,0.144,0.019,11243,1240,0.188,0.021,3062,478,0.234,0.039,3347,499,0.255,0.041,502,146,0.064,0.019,1702,302,0.219,0.041
"Middlebury",7550,38,1665,222,0.221,0.029,1356,193,0.18,0.026,180,118,0.024,0.016,6572,373,0.87,0.05,96,77,0.013,0.01,702,380,0.093,0.05,2478,116,0.892,0.024,870,258,0.115,0.034,7498,71,272,100,0.036,0.013,661,299,0.088,0.04,17,61,0.01,0.037,162,113,0.097,0.069,46,42,0.035,0.033,154,83,0.118,0.066
"Milford",52894,44,10752,642,0.203,0.012,8503,507,0.161,0.01,2622,528,0.05,0.01,44748,953,0.846,0.018,1306,467,0.025,0.009,4218,693,0.08,0.013,16120,480,0.767,0.017,5267,601,0.1,0.011,52496,130,2783,507,0.053,0.01,5480,846,0.104,0.016,624,190,0.059,0.018,1302,318,0.122,0.031,534,165,0.065,0.02,1634,286,0.198,0.037
"Naugatuck",31786,23,7175,659,0.226,0.021,4367,471,0.137,0.015,3697,637,0.116,0.02,25006,897,0.787,0.028,1356,486,0.043,0.015,1727,526,0.054,0.017,8140,472,0.662,0.032,3917,691,0.123,0.022,31391,196,3116,706,0.099,0.022,3974,794,0.127,0.025,898,307,0.128,0.045,915,268,0.131,0.04,349,153,0.083,0.038,1013,246,0.242,0.064
"New Haven",130338,89,28708,1110,0.22,0.009,13140,743,0.101,0.006,33663,1690,0.258,0.013,43033,1492,0.33,0.011,42932,1680,0.329,0.013,10710,984,0.082,0.008,15554,719,0.311,0.013,20708,1390,0.159,0.011,121147,1024,32135,2147,0.265,0.018,26395,2085,0.218,0.017,10653,925,0.374,0.036,6831,748,0.24,0.028,1865,293,0.148,0.025,3662,444,0.291,0.039
"North Branford",14383,21,3098,415,0.215,0.029,2481,318,0.172,0.022,353,331,0.025,0.023,13662,411,0.95,0.029,100,136,0.007,0.009,268,200,0.019,0.014,4753,212,0.879,0.026,584,264,0.041,0.018,14301,82,426,230,0.03,0.016,1413,549,0.099,0.038,80,86,0.026,0.028,470,228,0.154,0.077,117,106,0.048,0.044,439,190,0.18,0.081
"North Haven",24011,27,4686,414,0.195,0.017,4827,391,0.201,0.016,974,333,0.041,0.014,21058,492,0.877,0.021,638,246,0.027,0.01,1341,299,0.056,0.012,7464,289,0.849,0.023,2276,461,0.095,0.019,23853,99,923,276,0.039,0.012,1387,407,0.058,0.017,169,100,0.036,0.022,283,171,0.061,0.037,222,107,0.047,0.023,551,161,0.117,0.035
"Orange",13934,37,3262,321,0.234,0.023,2589,249,0.186,0.018,736,283,0.053,0.02,11921,427,0.856,0.031,150,94,0.011,0.007,1127,299,0.081,0.021,4230,204,0.869,0.03,1622,287,0.116,0.021,13870,41,337,156,0.024,0.011,624,199,0.045,0.014,24,60,0.007,0.018,83,83,0.025,0.025,131,72,0.052,0.029,346,109,0.137,0.045
"Oxford",12736,19,3086,396,0.242,0.031,1585,270,0.124,0.021,559,276,0.044,0.022,11831,329,0.929,0.026,34,53,0.003,0.004,312,212,0.024,0.017,3979,195,0.899,0.03,741,198,0.058,0.016,12719,25,505,313,0.04,0.025,527,248,0.041,0.019,125,129,0.041,0.042,128,122,0.042,0.04,77,87,0.049,0.055,132,92,0.083,0.059
"Prospect",9520,23,1963,309,0.206,0.032,1489,244,0.156,0.026,204,123,0.021,0.013,8876,251,0.932,0.026,272,175,0.029,0.018,168,130,0.018,0.014,2963,204,0.917,0.046,643,176,0.068,0.018,9318,125,350,147,0.038,0.016,565,200,0.061,0.021,60,68,0.032,0.037,66,75,0.035,0.04,85,50,0.062,0.038,196,80,0.142,0.064
"Seymour",16535,24,3746,414,0.227,0.025,2086,269,0.126,0.016,1126,299,0.068,0.018,13904,697,0.841,0.042,676,493,0.041,0.03,829,367,0.05,0.022,4701,270,0.763,0.028,1454,338,0.088,0.02,16358,112,1182,454,0.072,0.028,1470,374,0.09,0.023,254,183,0.069,0.05,319,146,0.087,0.041,167,106,0.084,0.055,484,150,0.244,0.083
"Southbury",19864,26,4220,416,0.212,0.021,5560,493,0.28,0.025,688,310,0.035,0.016,18082,505,0.91,0.025,305,257,0.015,0.013,789,303,0.04,0.015,6891,306,0.857,0.024,1410,326,0.071,0.016,19492,153,1150,554,0.059,0.028,2030,520,0.104,0.027,135,118,0.032,0.029,390,182,0.093,0.045,433,269,0.082,0.052,885,289,0.168,0.057
"Wallingford",45112,43,9404,622,0.208,0.014,7614,523,0.169,0.012,4619,841,0.102,0.019,37957,927,0.841,0.021,625,306,0.014,0.007,1911,443,0.042,0.01,12702,383,0.747,0.016,4937,670,0.109,0.015,44154,193,2684,566,0.061,0.013,3709,604,0.084,0.014,776,224,0.083,0.025,702,186,0.075,0.021,206,95,0.03,0.014,1011,193,0.145,0.03
"Waterbury",110052,40,27646,1149,0.251,0.01,13865,678,0.126,0.006,37207,1551,0.338,0.014,47786,1543,0.434,0.014,19630,1241,0.178,0.011,5429,825,0.049,0.007,19712,763,0.474,0.016,16059,1189,0.146,0.011,108171,288,25247,1998,0.233,0.018,22344,1739,0.207,0.016,9846,967,0.36,0.038,6568,701,0.24,0.028,1900,302,0.146,0.024,3585,418,0.276,0.035
"West Haven",55349,67,11947,830,0.216,0.015,6982,510,0.126,0.009,8992,1280,0.162,0.023,31198,1299,0.564,0.023,11452,1165,0.207,0.021,3707,744,0.067,0.013,11863,567,0.568,0.022,8119,950,0.147,0.017,52755,397,6112,1127,0.116,0.021,10106,1303,0.192,0.025,1967,453,0.166,0.04,2956,531,0.249,0.048,517,154,0.077,0.024,1532,261,0.229,0.043
"Wolcott",16688,24,3572,411,0.214,0.025,2542,301,0.152,0.018,1153,470,0.069,0.028,14891,546,0.892,0.033,226,146,0.014,0.009,418,251,0.025,0.015,5255,250,0.879,0.028,1342,333,0.08,0.02,16517,121,477,234,0.029,0.014,1071,338,0.065,0.02,96,95,0.027,0.027,214,118,0.061,0.034,93,75,0.038,0.031,522,163,0.215,0.072
"Woodbridge",8981,24,2089,305,0.233,0.034,1756,259,0.196,0.029,152,126,0.017,0.014,7787,316,0.867,0.035,127,98,0.014,0.011,915,306,0.102,0.034,2803,146,0.891,0.016,1381,416,0.154,0.046,8875,77,233,236,0.026,0.027,540,251,0.061,0.028,50,62,0.024,0.03,179,125,0.086,0.061,31,50,0.019,0.03,158,83,0.096,0.052
"Bozrah",2618,42,578,102,0.221,0.039,387,71,0.148,0.027,90,77,0.034,0.029,2361,125,0.902,0.05,49,35,0.019,0.013,118,87,0.045,0.033,803,85,0.79,0.065,99,46,0.038,0.018,2609,44,154,103,0.059,0.04,281,148,0.108,0.057,48,53,0.083,0.093,94,74,0.163,0.131,21,31,0.056,0.082,38,40,0.101,0.107
"Colchester",16119,21,4202,388,0.261,0.024,1794,259,0.111,0.016,463,194,0.029,0.012,15074,352,0.935,0.022,182,161,0.011,0.01,400,227,0.025,0.014,4697,236,0.811,0.025,746,211,0.046,0.013,15922,129,514,266,0.032,0.017,1412,427,0.089,0.027,197,134,0.047,0.032,540,202,0.129,0.05,21,53,0.013,0.033,167,97,0.103,0.061
"East Lyme",19119,33,3638,364,0.19,0.019,3646,310,0.191,0.016,1380,289,0.072,0.015,15392,437,0.805,0.023,858,199,0.045,0.01,1489,268,0.078,0.014,5822,258,0.816,0.028,1706,257,0.089,0.013,17108,207,569,186,0.033,0.011,1274,264,0.074,0.015,57,62,0.016,0.017,206,109,0.057,0.031,133,76,0.038,0.022,455,114,0.129,0.034
"Franklin",1950,107,413,57,0.212,0.032,314,50,0.161,0.027,37,26,0.019,0.013,1850,108,0.949,0.076,0,12,0,0.006,63,42,0.032,0.021,629,46,0.864,0.039,65,38,0.033,0.02,1939,107,79,40,0.041,0.02,162,65,0.084,0.033,9,33,0.022,0.083,44,41,0.109,0.104,29,31,0.092,0.099,56,32,0.178,0.104
"Griswold",11959,38,2628,390,0.22,0.033,1352,225,0.113,0.019,736,424,0.062,0.035,10412,495,0.871,0.041,42,45,0.004,0.004,769,364,0.064,0.03,3394,299,0.722,0.046,590,274,0.049,0.023,11908,73,986,347,0.083,0.029,1945,583,0.163,0.049,179,164,0.069,0.064,590,294,0.227,0.118,112,75,0.084,0.058,313,148,0.234,0.117
"Groton",40126,42,8373,563,0.209,0.014,5220,383,0.13,0.01,4049,550,0.101,0.014,29838,706,0.744,0.018,1963,416,0.049,0.01,4276,577,0.107,0.014,7881,372,0.495,0.021,2927,418,0.073,0.01,36783,251,3178,609,0.086,0.017,5397,818,0.147,0.022,829,240,0.1,0.03,1837,417,0.221,0.052,367,115,0.075,0.024,931,209,0.191,0.045
"Lebanon",7322,36,1527,233,0.209,0.032,1115,208,0.152,0.028,260,207,0.036,0.028,6864,228,0.937,0.031,39,38,0.005,0.005,159,138,0.022,0.019,2422,149,0.88,0.026,220,106,0.03,0.014,7319,32,353,160,0.048,0.022,563,233,0.077,0.032,0,51,0,0.033,84,81,0.055,0.054,14,43,0.013,0.039,119,82,0.107,0.076
"Ledyard",15051,47,3605,379,0.24,0.025,1931,254,0.128,0.017,923,320,0.061,0.021,12309,397,0.818,0.027,245,140,0.016,0.009,1574,350,0.105,0.023,4794,212,0.848,0.024,1068,242,0.071,0.016,15047,48,585,310,0.039,0.021,1069,446,0.071,0.03,235,140,0.065,0.039,364,179,0.101,0.051,41,45,0.021,0.024,126,84,0.065,0.044
"Lisbon",4334,20,980,175,0.226,0.04,636,130,0.147,0.03,8,12,0.002,0.003,4215,78,0.973,0.019,1,4,0,0.001,110,74,0.025,0.017,1456,133,0.892,0.053,136,74,0.031,0.017,4330,21,118,84,0.027,0.019,524,210,0.121,0.048,28,53,0.029,0.054,116,81,0.118,0.085,11,32,0.017,0.051,122,60,0.192,0.101
"Lyme",2417,106,480,109,0.199,0.046,573,90,0.237,0.039,41,39,0.017,0.016,2323,108,0.961,0.061,0,12,0,0.005,53,38,0.022,0.016,844,78,0.813,0.063,110,42,0.046,0.017,2417,106,89,54,0.037,0.022,290,191,0.12,0.079,10,37,0.021,0.077,107,87,0.223,0.188,14,26,0.024,0.045,66,39,0.115,0.071
"Montville",19621,32,4020,465,0.205,0.024,2924,329,0.149,0.017,1627,492,0.083,0.025,14349,698,0.731,0.036,1094,327,0.056,0.017,2551,513,0.13,0.026,5483,333,0.784,0.037,1763,437,0.09,0.022,17977,229,950,430,0.053,0.024,2003,576,0.111,0.032,268,170,0.068,0.044,469,178,0.118,0.047,93,69,0.033,0.025,468,154,0.166,0.057
"New London",27588,41,5462,509,0.198,0.018,2608,287,0.095,0.01,8123,779,0.294,0.028,13578,827,0.492,0.03,4252,522,0.154,0.019,1635,412,0.059,0.015,3770,365,0.365,0.031,4435,676,0.161,0.025,23645,414,5889,849,0.249,0.036,4777,798,0.202,0.034,1992,420,0.376,0.088,1371,312,0.259,0.064,298,109,0.123,0.047,506,163,0.209,0.071
"North Stonington",5291,18,1097,227,0.207,0.043,762,181,0.144,0.034,177,150,0.033,0.028,4738,183,0.895,0.035,119,117,0.022,0.022,257,137,0.049,0.026,1790,160,0.877,0.067,299,120,0.057,0.023,5288,19,300,243,0.057,0.046,829,450,0.157,0.085,114,109,0.104,0.102,283,181,0.258,0.176,16,46,0.021,0.061,90,88,0.118,0.118
"Norwich",40424,50,9195,668,0.227,0.017,5638,487,0.139,0.012,4323,639,0.107,0.016,26205,752,0.648,0.019,4554,808,0.113,0.02,5342,674,0.132,0.017,8977,452,0.54,0.023,5575,689,0.138,0.017,39986,194,5984,1080,0.15,0.027,7240,1103,0.181,0.028,2201,514,0.245,0.06,1827,346,0.204,0.041,334,118,0.061,0.022,1204,253,0.22,0.049
"Old Lyme",7598,21,1489,220,0.196,0.029,1826,216,0.24,0.028,69,56,0.009,0.007,7285,178,0.959,0.024,21,30,0.003,0.004,223,165,0.029,0.022,2637,145,0.816,0.022,387,168,0.051,0.022,7597,21,233,150,0.031,0.02,626,227,0.082,0.03,53,56,0.036,0.038,122,90,0.082,0.061,74,59,0.041,0.033,249,105,0.136,0.06
"Preston",4751,41,964,182,0.203,0.038,796,133,0.168,0.028,133,97,0.028,0.02,3720,326,0.783,0.069,80,118,0.017,0.025,818,374,0.172,0.079,1467,155,0.801,0.067,431,208,0.091,0.044,4751,41,483,279,0.102,0.059,745,365,0.157,0.077,200,125,0.207,0.136,260,155,0.27,0.169,38,40,0.048,0.052,85,58,0.107,0.076
"Salem",4173,20,1048,151,0.251,0.036,463,111,0.111,0.027,189,153,0.045,0.037,3652,184,0.875,0.044,39,65,0.009,0.016,293,123,0.07,0.029,1370,80,0.929,0.009,386,176,0.092,0.042,4145,38,111,72,0.027,0.017,242,123,0.058,0.03,31,39,0.03,0.038,38,56,0.037,0.054,12,33,0.026,0.071,54,46,0.117,0.104
"Sprague",2986,20,650,136,0.218,0.045,398,97,0.133,0.032,59,55,0.02,0.018,2656,128,0.889,0.043,52,45,0.017,0.015,219,115,0.073,0.039,835,120,0.658,0.083,113,69,0.038,0.023,2947,57,256,164,0.087,0.056,238,126,0.081,0.043,105,88,0.172,0.149,27,49,0.044,0.081,39,47,0.098,0.121,44,58,0.111,0.148
"Stonington",18527,39,3551,326,0.192,0.018,3666,288,0.198,0.016,654,297,0.035,0.016,16751,403,0.904,0.022,267,240,0.014,0.013,855,256,0.046,0.014,5570,293,0.711,0.029,1010,202,0.055,0.011,18256,97,847,268,0.046,0.015,1879,507,0.103,0.028,193,111,0.055,0.032,220,126,0.062,0.036,180,82,0.051,0.024,497,128,0.142,0.038
"Voluntown",2608,19,524,101,0.201,0.039,338,72,0.13,0.028,69,43,0.026,0.016,2386,119,0.915,0.046,0,12,0,0.005,153,105,0.059,0.04,875,60,0.856,0.035,51,24,0.02,0.009,2608,19,60,38,0.023,0.015,295,154,0.113,0.059,9,33,0.017,0.064,76,63,0.145,0.123,25,31,0.074,0.094,72,45,0.213,0.139
"Waterford",19508,28,3850,377,0.197,0.019,3897,318,0.2,0.016,1015,371,0.052,0.019,16931,465,0.868,0.024,273,117,0.014,0.006,1289,331,0.066,0.017,6777,280,0.844,0.027,1539,267,0.079,0.014,19055,140,1034,273,0.054,0.014,1680,428,0.088,0.022,147,90,0.039,0.024,386,157,0.102,0.042,250,107,0.069,0.03,517,136,0.143,0.04
"Andover",3095,145,754,144,0.244,0.048,403,119,0.13,0.039,0,12,0,0.004,2847,196,0.92,0.077,94,84,0.03,0.027,154,108,0.05,0.035,980,82,0.888,0.04,109,51,0.035,0.016,3095,145,134,126,0.043,0.041,272,124,0.088,0.04,56,73,0.074,0.098,64,60,0.085,0.081,21,35,0.052,0.088,65,44,0.161,0.125
"Bolton",4971,22,931,150,0.187,0.03,767,139,0.154,0.028,271,154,0.055,0.031,4410,220,0.887,0.044,62,70,0.012,0.014,228,141,0.046,0.028,1738,117,0.851,0.037,485,173,0.098,0.035,4969,23,95,73,0.019,0.015,313,133,0.063,0.027,15,42,0.016,0.045,73,62,0.079,0.068,10,31,0.013,0.04,49,49,0.064,0.065
"Columbia",5476,22,1154,211,0.211,0.039,917,204,0.167,0.037,59,72,0.011,0.013,4797,341,0.876,0.062,124,118,0.023,0.022,496,301,0.091,0.055,1896,173,0.896,0.059,306,139,0.056,0.025,5468,28,219,115,0.04,0.021,621,436,0.114,0.08,9,50,0.008,0.044,263,165,0.228,0.148,28,46,0.031,0.051,131,106,0.143,0.12
"Coventry",12435,20,2519,380,0.203,0.031,1589,268,0.128,0.022,251,166,0.02,0.013,11876,234,0.955,0.019,47,80,0.004,0.006,261,125,0.021,0.01,4093,260,0.865,0.043,703,207,0.057,0.017,12412,29,384,204,0.031,0.016,822,288,0.066,0.023,72,74,0.029,0.03,114,111,0.045,0.045,18,44,0.011,0.027,304,133,0.191,0.09
"Ellington",15675,35,4067,489,0.259,0.031,1807,279,0.115,0.018,165,105,0.011,0.007,15065,253,0.961,0.016,104,116,0.007,0.007,341,171,0.022,0.011,4170,280,0.682,0.035,801,310,0.051,0.02,15675,35,300,173,0.019,0.011,1261,543,0.08,0.035,128,98,0.031,0.024,349,192,0.086,0.048,22,54,0.012,0.03,278,130,0.154,0.075
"Hebron",9638,30,2533,288,0.263,0.03,976,169,0.101,0.018,224,172,0.023,0.018,9105,221,0.945,0.023,36,52,0.004,0.005,273,153,0.028,0.016,2989,134,0.92,0.024,296,128,0.031,0.013,9626,33,124,70,0.013,0.007,606,273,0.063,0.028,6,49,0.002,0.019,207,132,0.082,0.053,40,47,0.041,0.049,128,81,0.131,0.086
"Mansfield",26379,37,2938,353,0.111,0.013,2112,283,0.08,0.011,1822,440,0.069,0.017,19755,598,0.749,0.023,1176,304,0.045,0.012,3626,435,0.137,0.016,3638,334,0.666,0.033,3014,408,0.114,0.015,13820,945,2431,491,0.176,0.033,1554,474,0.112,0.033,159,101,0.059,0.038,303,208,0.112,0.078,76,52,0.037,0.026,249,119,0.122,0.061
"Somers",11447,20,2226,262,0.194,0.023,1512,193,0.132,0.017,820,202,0.072,0.018,9262,331,0.809,0.029,889,170,0.078,0.015,476,198,0.042,0.017,2851,186,0.866,0.036,573,157,0.05,0.014,9366,225,404,171,0.043,0.018,619,241,0.066,0.026,111,102,0.05,0.046,199,104,0.089,0.048,74,56,0.05,0.038,188,74,0.127,0.052
"Stafford",12035,28,2605,323,0.216,0.027,1360,215,0.113,0.018,344,195,0.029,0.016,11229,285,0.933,0.024,95,115,0.008,0.01,367,214,0.03,0.018,3486,210,0.747,0.021,426,161,0.035,0.013,11878,99,1128,314,0.095,0.026,1494,434,0.126,0.037,271,135,0.105,0.054,436,168,0.169,0.069,125,76,0.101,0.064,289,101,0.234,0.09
"Tolland",14977,51,3946,400,0.263,0.027,1914,274,0.128,0.018,607,236,0.041,0.016,13751,312,0.918,0.021,38,42,0.003,0.003,581,249,0.039,0.017,5043,180,0.927,0.01,837,275,0.056,0.018,14891,66,309,159,0.021,0.011,886,348,0.059,0.023,50,65,0.013,0.017,269,163,0.068,0.042,36,55,0.02,0.03,206,112,0.112,0.064
"Union",1041,144,208,69,0.2,0.072,218,49,0.209,0.055,35,38,0.034,0.037,978,140,0.939,0.187,0,12,0,0.012,28,33,0.027,0.032,340,46,0.926,0.032,56,41,0.054,0.04,1025,143,8,14,0.008,0.014,65,44,0.063,0.042,2,34,0.01,0.178,18,46,0.094,0.241,3,27,0.014,0.125,23,29,0.106,0.135
"Vernon",29179,33,5242,479,0.18,0.016,4722,376,0.162,0.013,2229,381,0.076,0.013,23925,572,0.82,0.02,1604,415,0.055,0.014,1421,354,0.049,0.012,7485,396,0.564,0.025,2526,449,0.087,0.015,28819,159,2671,587,0.093,0.02,3700,663,0.128,0.023,811,271,0.158,0.055,754,237,0.147,0.048,174,77,0.039,0.017,934,220,0.208,0.052
"Willington",6018,16,1014,239,0.168,0.04,717,157,0.119,0.026,97,75,0.016,0.012,5721,162,0.951,0.027,0,17,0,0.003,200,143,0.033,0.024,1688,206,0.685,0.065,337,188,0.056,0.031,6018,16,743,328,0.123,0.054,733,315,0.122,0.052,71,66,0.07,0.067,183,119,0.18,0.123,38,50,0.053,0.07,127,81,0.177,0.118
"Ashford",4301,16,925,172,0.215,0.04,437,95,0.102,0.022,354,325,0.082,0.076,3769,316,0.876,0.074,47,59,0.011,0.014,131,81,0.03,0.019,1354,120,0.824,0.046,194,88,0.045,0.02,4266,38,233,134,0.055,0.031,685,372,0.161,0.087,78,62,0.088,0.071,273,131,0.307,0.156,11,32,0.025,0.073,24,39,0.055,0.089
"Brooklyn",8220,19,1845,302,0.224,0.037,1193,214,0.145,0.026,713,414,0.087,0.05,7052,459,0.858,0.056,178,106,0.022,0.013,277,155,0.034,0.019,2185,227,0.761,0.058,381,147,0.046,0.018,7689,185,817,367,0.106,0.048,1388,547,0.181,0.071,334,174,0.182,0.101,498,288,0.271,0.165,45,65,0.04,0.058,232,116,0.205,0.111
"Canterbury",5119,21,1170,228,0.229,0.044,669,147,0.131,0.029,0,17,0,0.003,5010,112,0.979,0.022,0,17,0,0.003,109,110,0.021,0.021,1757,127,0.872,0.02,103,69,0.02,0.013,5119,21,159,115,0.031,0.022,346,137,0.068,0.027,0,51,0,0.044,20,63,0.017,0.054,25,54,0.037,0.082,139,80,0.208,0.126
"Chaplin",2408,145,531,121,0.221,0.052,296,70,0.123,0.03,84,67,0.035,0.028,2252,182,0.935,0.094,27,41,0.011,0.017,45,60,0.019,0.025,689,65,0.772,0.052,48,34,0.02,0.014,2386,146,110,79,0.046,0.033,194,98,0.081,0.041,35,37,0.069,0.075,45,46,0.088,0.093,11,32,0.037,0.108,16,37,0.054,0.125
"Eastford",1650,133,340,61,0.206,0.04,245,45,0.148,0.03,38,32,0.023,0.019,1530,140,0.927,0.113,8,10,0.005,0.006,74,49,0.045,0.03,573,58,0.914,0.041,72,29,0.044,0.018,1637,129,49,29,0.03,0.018,121,49,0.074,0.03,9,33,0.027,0.099,16,40,0.047,0.118,14,24,0.059,0.103,26,34,0.109,0.146
"Hampton",1815,119,333,67,0.183,0.039,278,43,0.153,0.025,84,47,0.046,0.026,1672,129,0.921,0.093,9,10,0.005,0.006,50,40,0.028,0.022,597,56,0.838,0.062,40,18,0.022,0.01,1802,118,115,60,0.064,0.033,141,53,0.078,0.029,27,35,0.084,0.111,25,45,0.078,0.14,8,26,0.029,0.093,43,29,0.155,0.107
"Killingly",17317,22,3650,392,0.211,0.023,2427,308,0.14,0.018,507,255,0.029,0.015,16037,369,0.926,0.021,187,128,0.011,0.007,586,276,0.034,0.016,4726,325,0.7,0.042,699,199,0.04,0.012,17059,120,1921,471,0.113,0.028,2899,571,0.17,0.033,495,204,0.136,0.058,519,174,0.142,0.05,165,100,0.075,0.047,775,205,0.352,0.104
"Plainfield",15320,30,3348,396,0.219,0.026,2057,276,0.134,0.018,579,280,0.038,0.018,13975,434,0.912,0.028,221,193,0.014,0.013,545,242,0.036,0.016,4269,270,0.755,0.038,394,167,0.026,0.011,15181,92,1477,476,0.097,0.031,1598,423,0.105,0.028,571,223,0.171,0.069,445,185,0.133,0.057,78,74,0.04,0.039,390,142,0.202,0.079
"Pomfret",4219,21,1046,226,0.248,0.054,470,93,0.111,0.022,57,53,0.014,0.013,4048,95,0.959,0.023,56,56,0.013,0.013,58,81,0.014,0.019,1203,112,0.8,0.038,170,100,0.04,0.024,4121,60,120,102,0.029,0.025,203,112,0.049,0.027,0,36,0,0.035,32,57,0.031,0.056,28,35,0.06,0.075,56,43,0.119,0.094
"Putnam",9548,42,2321,336,0.243,0.035,1570,246,0.164,0.026,310,263,0.032,0.028,8847,327,0.927,0.034,91,57,0.01,0.006,300,165,0.031,0.017,2155,264,0.56,0.058,196,79,0.021,0.008,9252,134,1040,313,0.112,0.034,2478,593,0.268,0.064,219,120,0.098,0.056,658,251,0.294,0.12,84,55,0.058,0.04,518,169,0.359,0.138
"Scotland",1739,110,411,82,0.236,0.049,220,47,0.127,0.028,85,57,0.049,0.033,1637,136,0.941,0.098,2,4,0.001,0.002,15,25,0.009,0.015,510,52,0.86,0.062,41,30,0.024,0.017,1739,110,34,25,0.02,0.015,229,111,0.132,0.063,18,35,0.044,0.084,84,55,0.204,0.14,7,29,0.032,0.13,39,37,0.177,0.173
"Sterling",3801,14,1038,229,0.273,0.06,304,105,0.08,0.028,35,37,0.009,0.01,3544,139,0.932,0.037,42,60,0.011,0.016,180,117,0.047,0.031,1021,110,0.84,0.068,74,47,0.019,0.012,3718,113,428,246,0.115,0.066,541,267,0.146,0.072,95,89,0.099,0.095,220,133,0.23,0.147,12,33,0.039,0.109,121,87,0.398,0.321
"Thompson",9411,16,1954,291,0.208,0.031,1274,203,0.135,0.022,141,105,0.015,0.011,8934,191,0.949,0.02,43,38,0.005,0.004,293,109,0.031,0.012,2933,221,0.804,0.048,235,104,0.025,0.011,9367,41,711,310,0.076,0.033,1302,386,0.139,0.041,223,139,0.116,0.074,301,164,0.156,0.088,42,47,0.033,0.037,336,119,0.264,0.1
"Windham",25315,26,4986,419,0.197,0.017,2938,336,0.116,0.013,8612,540,0.34,0.021,14462,468,0.571,0.018,1121,271,0.044,0.011,1120,281,0.044,0.011,4211,313,0.474,0.03,2881,494,0.114,0.02,22207,453,5495,820,0.247,0.037,4947,769,0.223,0.034,1711,373,0.35,0.083,1317,312,0.27,0.068,264,111,0.098,0.043,800,213,0.298,0.086
"Woodstock",7932,20,1853,316,0.234,0.04,1381,254,0.174,0.032,113,129,0.014,0.016,7575,201,0.955,0.025,39,63,0.005,0.008,205,117,0.026,0.015,2668,189,0.843,0.033,224,126,0.028,0.016,7916,34,236,134,0.03,0.017,615,264,0.078,0.033,43,67,0.023,0.037,70,99,0.038,0.054,78,83,0.056,0.061,169,106,0.122,0.08
